environment | t (second),environment | V_mem (volt),environment | v_R1 (fmol_per_sec)
0,-0.12,13.662
0.1,-0.1199,13.6972
0.2,-0.1198,13.7317
0.3,-0.1197,13.7663
0.4,-0.1196,13.801
0.5,-0.1195,13.8357
0.6,-0.1194,13.8705
0.7,-0.1193,13.9053
0.8,-0.1192,13.9402
0.9,-0.1191,13.9751
1,-0.119,14.0101
1.1,-0.1189,14.0452
1.2,-0.1188,14.0803
1.3,-0.1187,14.1154
1.4,-0.1186,14.1506
1.5,-0.1185,14.1859
1.6,-0.1184,14.2212
1.7,-0.1183,14.2565
1.8,-0.1182,14.2919
1.9,-0.1181,14.3274
2,-0.118,14.3629
2.1,-0.1179,14.3984
2.2,-0.1178,14.4341
2.3,-0.1177,14.4697
2.4,-0.1176,14.5054
2.5,-0.1175,14.5412
2.6,-0.1174,14.577
2.7,-0.1173,14.6129
2.8,-0.1172,14.6488
2.9,-0.1171,14.6848
3,-0.117,14.7208
3.1,-0.1169,14.7569
3.2,-0.1168,14.793
3.3,-0.1167,14.8292
3.4,-0.1166,14.8654
3.5,-0.1165,14.9017
3.6,-0.1164,14.938
3.7,-0.1163,14.9744
3.8,-0.1162,15.0109
3.9,-0.1161,15.0473
4,-0.116,15.0839
4.1,-0.1159,15.1204
4.2,-0.1158,15.1571
4.3,-0.1157,15.1937
4.4,-0.1156,15.2305
4.5,-0.1155,15.2673
4.6,-0.1154,15.3041
4.7,-0.1153,15.341
4.8,-0.1152,15.3779
4.9,-0.1151,15.4149
5,-0.115,15.4519
5.1,-0.1149,15.489
5.2,-0.1148,15.5261
5.3,-0.1147,15.5632
5.4,-0.1146,15.6005
5.5,-0.1145,15.6377
5.6,-0.1144,15.675
5.7,-0.1143,15.7124
5.8,-0.1142,15.7498
5.9,-0.1141,15.7873
6,-0.114,15.8248
6.1,-0.1139,15.8623
6.2,-0.1138,15.8999
6.3,-0.1137,15.9376
6.4,-0.1136,15.9753
6.5,-0.1135,16.013
6.6,-0.1134,16.0508
6.7,-0.1133,16.0886
6.8,-0.1132,16.1265
6.9,-0.1131,16.1644
7,-0.113,16.2024
7.1,-0.1129,16.2404
7.2,-0.1128,16.2785
7.3,-0.1127,16.3166
7.4,-0.1126,16.3547
7.5,-0.1125,16.3929
7.6,-0.1124,16.4312
7.7,-0.1123,16.4695
7.8,-0.1122,16.5078
7.9,-0.1121,16.5462
8,-0.112,16.5846
8.1,-0.1119,16.6231
8.2,-0.1118,16.6616
8.3,-0.1117,16.7001
8.4,-0.1116,16.7387
8.5,-0.1115,16.7774
8.6,-0.1114,16.8161
8.7,-0.1113,16.8548
8.8,-0.1112,16.8936
8.9,-0.1111,16.9324
9,-0.111,16.9713
9.1,-0.1109,17.0102
9.2,-0.1108,17.0491
9.3,-0.1107,17.0881
9.4,-0.1106,17.1271
9.5,-0.1105,17.1662
9.6,-0.1104,17.2053
9.7,-0.1103,17.2445
9.8,-0.1102,17.2837
9.9,-0.1101,17.323
10,-0.11,17.3623
10.1,-0.1099,17.4016
10.2,-0.1098,17.441
10.3,-0.1097,17.4804
10.4,-0.1096,17.5198
10.5,-0.1095,17.5593
10.6,-0.1094,17.5989
10.7,-0.1093,17.6384
10.8,-0.1092,17.6781
10.9,-0.1091,17.7177
11,-0.109,17.7574
11.1,-0.1089,17.7972
11.2,-0.1088,17.8369
11.3,-0.1087,17.8767
11.4,-0.1086,17.9166
11.5,-0.1085,17.9565
11.6,-0.1084,17.9964
11.7,-0.1083,18.0364
11.8,-0.1082,18.0764
11.9,-0.1081,18.1165
12,-0.108,18.1565
12.1,-0.1079,18.1967
12.2,-0.1078,18.2368
12.3,-0.1077,18.277
12.4,-0.1076,18.3173
12.5,-0.1075,18.3575
12.6,-0.1074,18.3979
12.7,-0.1073,18.4382
12.8,-0.1072,18.4786
12.9,-0.1071,18.519
13,-0.107,18.5595
13.1,-0.1069,18.6
13.2,-0.1068,18.6405
13.3,-0.1067,18.6811
13.4,-0.1066,18.7217
13.5,-0.1065,18.7623
13.6,-0.1064,18.803
13.7,-0.1063,18.8437
13.8,-0.1062,18.8844
13.9,-0.1061,18.9252
14,-0.106,18.966
14.1,-0.1059,19.0069
14.2,-0.1058,19.0478
14.3,-0.1057,19.0887
14.4,-0.1056,19.1296
14.5,-0.1055,19.1706
14.6,-0.1054,19.2116
14.7,-0.1053,19.2527
14.8,-0.1052,19.2938
14.9,-0.1051,19.3349
15,-0.105,19.376
15.1,-0.1049,19.4172
15.2,-0.1048,19.4584
15.3,-0.1047,19.4997
15.4,-0.1046,19.541
15.5,-0.1045,19.5823
15.6,-0.1044,19.6236
15.7,-0.1043,19.665
15.8,-0.1042,19.7064
15.9,-0.1041,19.7478
16,-0.104,19.7893
16.1,-0.1039,19.8308
16.2,-0.1038,19.8723
16.3,-0.1037,19.9139
16.4,-0.1036,19.9555
16.5,-0.1035,19.9971
16.6,-0.1034,20.0387
16.7,-0.1033,20.0804
16.8,-0.1032,20.1221
16.9,-0.1031,20.1639
17,-0.103,20.2056
17.1,-0.1029,20.2474
17.2,-0.1028,20.2892
17.3,-0.1027,20.3311
17.4,-0.1026,20.373
17.5,-0.1025,20.4149
17.6,-0.1024,20.4568
17.7,-0.1023,20.4987
17.8,-0.1022,20.5407
17.9,-0.1021,20.5827
18,-0.102,20.6248
18.1,-0.1019,20.6668
18.2,-0.1018,20.7089
18.3,-0.1017,20.751
18.4,-0.1016,20.7932
18.5,-0.1015,20.8353
18.6,-0.1014,20.8775
18.7,-0.1013,20.9197
18.8,-0.1012,20.962
18.9,-0.1011,21.0042
19,-0.101,21.0465
19.1,-0.1009,21.0888
19.2,-0.1008,21.1312
19.3,-0.1007,21.1735
19.4,-0.1006,21.2159
19.5,-0.1005,21.2583
19.6,-0.1004,21.3007
19.7,-0.1003,21.3432
19.8,-0.1002,21.3857
19.9,-0.1001,21.4282
20,-0.1,21.4707
20.1,-0.0999,21.5132
20.2,-0.0998,21.5558
20.3,-0.0997,21.5984
20.4,-0.0996,21.641
20.5,-0.0995,21.6836
20.6,-0.0994,21.7263
20.7,-0.0993,21.7689
20.8,-0.0992,21.8116
20.9,-0.0991,21.8543
21,-0.099,21.8971
21.1,-0.0989,21.9398
21.2,-0.0988,21.9826
21.3,-0.0987,22.0254
21.4,-0.0986,22.0682
21.5,-0.0985,22.111
21.6,-0.0984,22.1539
21.7,-0.0983,22.1967
21.8,-0.0982,22.2396
21.9,-0.0981,22.2825
22,-0.098,22.3254
22.1,-0.0979,22.3684
22.2,-0.0978,22.4113
22.3,-0.0977,22.4543
22.4,-0.0976,22.4973
22.5,-0.0975,22.5403
22.6,-0.0974,22.5833
22.7,-0.0973,22.6263
22.8,-0.0972,22.6694
22.9,-0.0971,22.7124
23,-0.097,22.7555
23.1,-0.0969,22.7986
23.2,-0.0968,22.8417
23.3,-0.0967,22.8848
23.4,-0.0966,22.928
23.5,-0.0965,22.9711
23.6,-0.0964,23.0143
23.7,-0.0963,23.0575
23.8,-0.0962,23.1007
23.9,-0.0961,23.1439
24,-0.096,23.1871
24.1,-0.0959,23.2303
24.2,-0.0958,23.2736
24.3,-0.0957,23.3168
24.4,-0.0956,23.3601
24.5,-0.0955,23.4034
24.6,-0.0954,23.4467
24.7,-0.0953,23.49
24.8,-0.0952,23.5333
24.9,-0.0951,23.5766
25,-0.095,23.6199
25.1,-0.0949,23.6633
25.2,-0.0948,23.7066
25.3,-0.0947,23.75
25.4,-0.0946,23.7934
25.5,-0.0945,23.8368
25.6,-0.0944,23.8802
25.7,-0.0943,23.9236
25.8,-0.0942,23.967
25.9,-0.0941,24.0104
26,-0.094,24.0538
26.1,-0.0939,24.0973
26.2,-0.0938,24.1407
26.3,-0.0937,24.1841
26.4,-0.0936,24.2276
26.5,-0.0935,24.2711
26.6,-0.0934,24.3145
26.7,-0.0933,24.358
26.8,-0.0932,24.4015
26.9,-0.0931,24.445
27,-0.093,24.4885
27.1,-0.0929,24.532
27.2,-0.0928,24.5755
27.3,-0.0927,24.619
27.4,-0.0926,24.6626
27.5,-0.0925,24.7061
27.6,-0.0924,24.7496
27.7,-0.0923,24.7932
27.8,-0.0922,24.8367
27.9,-0.0921,24.8802
28,-0.092,24.9238
28.1,-0.0919,24.9673
28.2,-0.0918,25.0109
28.3,-0.0917,25.0544
28.4,-0.0916,25.098
28.5,-0.0915,25.1416
28.6,-0.0914,25.1851
28.7,-0.0913,25.2287
28.8,-0.0912,25.2723
28.9,-0.0911,25.3158
29,-0.091,25.3594
29.1,-0.0909,25.403
29.2,-0.0908,25.4466
29.3,-0.0907,25.4901
29.4,-0.0906,25.5337
29.5,-0.0905,25.5773
29.6,-0.0904,25.6209
29.7,-0.0903,25.6644
29.8,-0.0902,25.708
29.9,-0.0901,25.7516
30,-0.09,25.7951
30.1,-0.0899,25.8387
30.2,-0.0898,25.8823
30.3,-0.0897,25.9258
30.4,-0.0896,25.9694
30.5,-0.0895,26.0129
30.6,-0.0894,26.0565
30.7,-0.0893,26.1
30.8,-0.0892,26.1436
30.9,-0.0891,26.1871
31,-0.089,26.2307
31.1,-0.0889,26.2742
31.2,-0.0888,26.3177
31.3,-0.0887,26.3613
31.4,-0.0886,26.4048
31.5,-0.0885,26.4483
31.6,-0.0884,26.4918
31.7,-0.0883,26.5353
31.8,-0.0882,26.5788
31.9,-0.0881,26.6223
32,-0.088,26.6658
32.1,-0.0879,26.7093
32.2,-0.0878,26.7527
32.3,-0.0877,26.7962
32.4,-0.0876,26.8397
32.5,-0.0875,26.8831
32.6,-0.0874,26.9266
32.7,-0.0873,26.97
32.8,-0.0872,27.0134
32.9,-0.0871,27.0569
33,-0.087,27.1003
33.1,-0.0869,27.1437
33.2,-0.0868,27.1871
33.3,-0.0867,27.2305
33.4,-0.0866,27.2739
33.5,-0.0865,27.3173
33.6,-0.0864,27.3606
33.7,-0.0863,27.404
33.8,-0.0862,27.4473
33.9,-0.0861,27.4907
34,-0.086,27.534
34.1,-0.0859,27.5773
34.2,-0.0858,27.6206
34.3,-0.0857,27.6639
34.4,-0.0856,27.7072
34.5,-0.0855,27.7505
34.6,-0.0854,27.7937
34.7,-0.0853,27.837
34.8,-0.0852,27.8802
34.9,-0.0851,27.9235
35,-0.085,27.9667
35.1,-0.0849,28.0099
35.2,-0.0848,28.0531
35.3,-0.0847,28.0962
35.4,-0.0846,28.1394
35.5,-0.0845,28.1825
35.6,-0.0844,28.2257
35.7,-0.0843,28.2688
35.8,-0.0842,28.3119
35.9,-0.0841,28.355
36,-0.084,28.398
36.1,-0.0839,28.4411
36.2,-0.0838,28.4841
36.3,-0.0837,28.5271
36.4,-0.0836,28.5702
36.5,-0.0835,28.6131
36.6,-0.0834,28.6561
36.7,-0.0833,28.6991
36.8,-0.0832,28.742
36.9,-0.0831,28.7849
37,-0.083,28.8278
37.1,-0.0829,28.8707
37.2,-0.0828,28.9136
37.3,-0.0827,28.9564
37.4,-0.0826,28.9993
37.5,-0.0825,29.0421
37.6,-0.0824,29.0849
37.7,-0.0823,29.1277
37.8,-0.0822,29.1704
37.9,-0.0821,29.2131
38,-0.082,29.2559
38.1,-0.0819,29.2986
38.2,-0.0818,29.3412
38.3,-0.0817,29.3839
38.4,-0.0816,29.4265
38.5,-0.0815,29.4692
38.6,-0.0814,29.5118
38.7,-0.0813,29.5543
38.8,-0.0812,29.5969
38.9,-0.0811,29.6395
39,-0.081,29.682
39.1,-0.0809,29.7245
39.2,-0.0808,29.767
39.3,-0.0807,29.8095
39.4,-0.0806,29.8519
39.5,-0.0805,29.8943
39.6,-0.0804,29.9367
39.7,-0.0803,29.9791
39.8,-0.0802,30.0214
39.9,-0.0801,30.0637
40,-0.08,30.106
40.1,-0.0799,30.1483
40.2,-0.0798,30.1905
40.3,-0.0797,30.2328
40.4,-0.0796,30.275
40.5,-0.0795,30.3171
40.6,-0.0794,30.3593
40.7,-0.0793,30.4014
40.8,-0.0792,30.4435
40.9,-0.0791,30.4856
41,-0.079,30.5277
41.1,-0.0789,30.5697
41.2,-0.0788,30.6117
41.3,-0.0787,30.6537
41.4,-0.0786,30.6956
41.5,-0.0785,30.7376
41.6,-0.0784,30.7795
41.7,-0.0783,30.8213
41.8,-0.0782,30.8632
41.9,-0.0781,30.905
42,-0.078,30.9468
42.1,-0.0779,30.9885
42.2,-0.0778,31.0303
42.3,-0.0777,31.072
42.4,-0.0776,31.1137
42.5,-0.0775,31.1553
42.6,-0.0774,31.197
42.7,-0.0773,31.2386
42.8,-0.0772,31.2801
42.9,-0.0771,31.3217
43,-0.077,31.3632
43.1,-0.0769,31.4047
43.2,-0.0768,31.4461
43.3,-0.0767,31.4875
43.4,-0.0766,31.5289
43.5,-0.0765,31.5703
43.6,-0.0764,31.6116
43.7,-0.0763,31.6529
43.8,-0.0762,31.6942
43.9,-0.0761,31.7354
44,-0.076,31.7767
44.1,-0.0759,31.8178
44.2,-0.0758,31.859
44.3,-0.0757,31.9001
44.4,-0.0756,31.9412
44.5,-0.0755,31.9823
44.6,-0.0754,32.0233
44.7,-0.0753,32.0643
44.8,-0.0752,32.1052
44.9,-0.0751,32.1462
45,-0.075,32.1871
45.1,-0.0749,32.2279
45.2,-0.0748,32.2688
45.3,-0.0747,32.3096
45.4,-0.0746,32.3503
45.5,-0.0745,32.3911
45.6,-0.0744,32.4318
45.7,-0.0743,32.4724
45.8,-0.0742,32.5131
45.9,-0.0741,32.5537
46,-0.074,32.5942
46.1,-0.0739,32.6348
46.2,-0.0738,32.6753
46.3,-0.0737,32.7157
46.4,-0.0736,32.7561
46.5,-0.0735,32.7965
46.6,-0.0734,32.8369
46.7,-0.0733,32.8772
46.8,-0.0732,32.9175
46.9,-0.0731,32.9578
47,-0.073,32.998
47.1,-0.0729,33.0382
47.2,-0.0728,33.0783
47.3,-0.0727,33.1184
47.4,-0.0726,33.1585
47.5,-0.0725,33.1985
47.6,-0.0724,33.2385
47.7,-0.0723,33.2785
47.8,-0.0722,33.3184
47.9,-0.0721,33.3583
48,-0.072,33.3982
48.1,-0.0719,33.438
48.2,-0.0718,33.4778
48.3,-0.0717,33.5175
48.4,-0.0716,33.5572
48.5,-0.0715,33.5969
48.6,-0.0714,33.6365
48.7,-0.0713,33.6761
48.8,-0.0712,33.7157
48.9,-0.0711,33.7552
49,-0.071,33.7947
49.1,-0.0709,33.8341
49.2,-0.0708,33.8735
49.3,-0.0707,33.9129
49.4,-0.0706,33.9522
49.5,-0.0705,33.9915
49.6,-0.0704,34.0308
49.7,-0.0703,34.07
49.8,-0.0702,34.1091
49.9,-0.0701,34.1483
50,-0.07,34.1874
50.1,-0.0699,34.2264
50.2,-0.0698,34.2654
50.3,-0.0697,34.3044
50.4,-0.0696,34.3433
50.5,-0.0695,34.3822
50.6,-0.0694,34.4211
50.7,-0.0693,34.4599
50.8,-0.0692,34.4987
50.9,-0.0691,34.5374
51,-0.069,34.5761
51.1,-0.0689,34.6147
51.2,-0.0688,34.6533
51.3,-0.0687,34.6919
51.4,-0.0686,34.7304
51.5,-0.0685,34.7689
51.6,-0.0684,34.8074
51.7,-0.0683,34.8458
51.8,-0.0682,34.8841
51.9,-0.0681,34.9224
52,-0.068,34.9607
52.1,-0.0679,34.9989
52.2,-0.0678,35.0371
52.3,-0.0677,35.0753
52.4,-0.0676,35.1134
52.5,-0.0675,35.1515
52.6,-0.0674,35.1895
52.7,-0.0673,35.2275
52.8,-0.0672,35.2654
52.9,-0.0671,35.3033
53,-0.067,35.3412
53.1,-0.0669,35.379
53.2,-0.0668,35.4167
53.3,-0.0667,35.4545
53.4,-0.0666,35.4921
53.5,-0.0665,35.5298
53.6,-0.0664,35.5674
53.7,-0.0663,35.6049
53.8,-0.0662,35.6424
53.9,-0.0661,35.6799
54,-0.066,35.7173
54.1,-0.0659,35.7547
54.2,-0.0658,35.792
54.3,-0.0657,35.8293
54.4,-0.0656,35.8665
54.5,-0.0655,35.9037
54.6,-0.0654,35.9409
54.7,-0.0653,35.978
54.8,-0.0652,36.0151
54.9,-0.0651,36.0521
55,-0.065,36.0891
55.1,-0.0649,36.126
55.2,-0.0648,36.1629
55.3,-0.0647,36.1997
55.4,-0.0646,36.2365
55.5,-0.0645,36.2733
55.6,-0.0644,36.31
55.7,-0.0643,36.3466
55.8,-0.0642,36.3832
55.9,-0.0641,36.4198
56,-0.064,36.4563
56.1,-0.0639,36.4928
56.2,-0.0638,36.5292
56.3,-0.0637,36.5656
56.4,-0.0636,36.602
56.5,-0.0635,36.6383
56.6,-0.0634,36.6745
56.7,-0.0633,36.7107
56.8,-0.0632,36.7469
56.9,-0.0631,36.783
57,-0.063,36.819
57.1,-0.0629,36.8551
57.2,-0.0628,36.891
57.3,-0.0627,36.927
57.4,-0.0626,36.9628
57.5,-0.0625,36.9987
57.6,-0.0624,37.0345
57.7,-0.0623,37.0702
57.8,-0.0622,37.1059
57.9,-0.0621,37.1415
58,-0.062,37.1771
58.1,-0.0619,37.2127
58.2,-0.0618,37.2482
58.3,-0.0617,37.2837
58.4,-0.0616,37.3191
58.5,-0.0615,37.3544
58.6,-0.0614,37.3897
58.7,-0.0613,37.425
58.8,-0.0612,37.4602
58.9,-0.0611,37.4954
59,-0.061,37.5305
59.1,-0.0609,37.5656
59.2,-0.0608,37.6007
59.3,-0.0607,37.6356
59.4,-0.0606,37.6706
59.5,-0.0605,37.7055
59.6,-0.0604,37.7403
59.7,-0.0603,37.7751
59.8,-0.0602,37.8098
59.9,-0.0601,37.8445
60,-0.06,37.8792
60.1,-0.0599,37.9138
60.2,-0.0598,37.9483
60.3,-0.0597,37.9828
60.4,-0.0596,38.0173
60.5,-0.0595,38.0517
60.6,-0.0594,38.0861
60.7,-0.0593,38.1204
60.8,-0.0592,38.1547
60.9,-0.0591,38.1889
61,-0.059,38.223
61.1,-0.0589,38.2572
61.2,-0.0588,38.2912
61.3,-0.0587,38.3252
61.4,-0.0586,38.3592
61.5,-0.0585,38.3931
61.6,-0.0584,38.427
61.7,-0.0583,38.4609
61.8,-0.0582,38.4946
61.9,-0.0581,38.5284
62,-0.058,38.562
62.1,-0.0579,38.5957
62.2,-0.0578,38.6293
62.3,-0.0577,38.6628
62.4,-0.0576,38.6963
62.5,-0.0575,38.7297
62.6,-0.0574,38.7631
62.7,-0.0573,38.7964
62.8,-0.0572,38.8297
62.9,-0.0571,38.863
63,-0.057,38.8962
63.1,-0.0569,38.9293
63.2,-0.0568,38.9624
63.3,-0.0567,38.9955
63.4,-0.0566,39.0285
63.5,-0.0565,39.0614
63.6,-0.0564,39.0943
63.7,-0.0563,39.1272
63.8,-0.0562,39.16
63.9,-0.0561,39.1927
64,-0.056,39.2254
64.1,-0.0559,39.2581
64.2,-0.0558,39.2907
64.3,-0.0557,39.3232
64.4,-0.0556,39.3557
64.5,-0.0555,39.3882
64.6,-0.0554,39.4206
64.7,-0.0553,39.4529
64.8,-0.0552,39.4853
64.9,-0.0551,39.5175
65,-0.055,39.5497
65.1,-0.0549,39.5819
65.2,-0.0548,39.614
65.3,-0.0547,39.6461
65.4,-0.0546,39.6781
65.5,-0.0545,39.71
65.6,-0.0544,39.7419
65.7,-0.0543,39.7738
65.8,-0.0542,39.8056
65.9,-0.0541,39.8374
66,-0.054,39.8691
66.1,-0.0539,39.9008
66.2,-0.0538,39.9324
66.3,-0.0537,39.9639
66.4,-0.0536,39.9955
66.5,-0.0535,40.0269
66.6,-0.0534,40.0583
66.7,-0.0533,40.0897
66.8,-0.0532,40.121
66.9,-0.0531,40.1523
67,-0.053,40.1835
67.1,-0.0529,40.2147
67.2,-0.0528,40.2458
67.3,-0.0527,40.2769
67.4,-0.0526,40.3079
67.5,-0.0525,40.3389
67.6,-0.0524,40.3698
67.7,-0.0523,40.4007
67.8,-0.0522,40.4315
67.9,-0.0521,40.4623
68,-0.052,40.493
68.1,-0.0519,40.5237
68.2,-0.0518,40.5543
68.3,-0.0517,40.5849
68.4,-0.0516,40.6154
68.5,-0.0515,40.6459
68.6,-0.0514,40.6763
68.7,-0.0513,40.7067
68.8,-0.0512,40.737
68.9,-0.0511,40.7673
69,-0.051,40.7975
69.1,-0.0509,40.8277
69.2,-0.0508,40.8578
69.3,-0.0507,40.8879
69.4,-0.0506,40.9179
69.5,-0.0505,40.9479
69.6,-0.0504,40.9779
69.7,-0.0503,41.0077
69.8,-0.0502,41.0376
69.9,-0.0501,41.0674
70,-0.05,41.0971
70.1,-0.0499,41.1268
70.2,-0.0498,41.1564
70.3,-0.0497,41.186
70.4,-0.0496,41.2156
70.5,-0.0495,41.2451
70.6,-0.0494,41.2745
70.7,-0.0493,41.3039
70.8,-0.0492,41.3332
70.9,-0.0491,41.3625
71,-0.049,41.3918
71.1,-0.0489,41.421
71.2,-0.0488,41.4501
71.3,-0.0487,41.4792
71.4,-0.0486,41.5083
71.5,-0.0485,41.5373
71.6,-0.0484,41.5662
71.7,-0.0483,41.5951
71.8,-0.0482,41.624
71.9,-0.0481,41.6528
72,-0.048,41.6816
72.1,-0.0479,41.7103
72.2,-0.0478,41.7389
72.3,-0.0477,41.7675
72.4,-0.0476,41.7961
72.5,-0.0475,41.8246
72.6,-0.0474,41.8531
72.7,-0.0473,41.8815
72.8,-0.0472,41.9099
72.9,-0.0471,41.9382
73,-0.047,41.9664
73.1,-0.0469,41.9947
73.2,-0.0468,42.0228
73.3,-0.0467,42.051
73.4,-0.0466,42.079
73.5,-0.0465,42.1071
73.6,-0.0464,42.135
73.7,-0.0463,42.163
73.8,-0.0462,42.1909
73.9,-0.0461,42.2187
74,-0.046,42.2465
74.1,-0.0459,42.2742
74.2,-0.0458,42.3019
74.3,-0.0457,42.3296
74.4,-0.0456,42.3571
74.5,-0.0455,42.3847
74.6,-0.0454,42.4122
74.7,-0.0453,42.4396
74.8,-0.0452,42.467
74.9,-0.0451,42.4944
75,-0.045,42.5217
75.1,-0.0449,42.549
75.2,-0.0448,42.5762
75.3,-0.0447,42.6033
75.4,-0.0446,42.6304
75.5,-0.0445,42.6575
75.6,-0.0444,42.6845
75.7,-0.0443,42.7115
75.8,-0.0442,42.7384
75.9,-0.0441,42.7653
76,-0.044,42.7921
76.1,-0.0439,42.8189
76.2,-0.0438,42.8457
76.3,-0.0437,42.8724
76.4,-0.0436,42.899
76.5,-0.0435,42.9256
76.6,-0.0434,42.9521
76.7,-0.0433,42.9786
76.8,-0.0432,43.0051
76.9,-0.0431,43.0315
77,-0.043,43.0579
77.1,-0.0429,43.0842
77.2,-0.0428,43.1104
77.3,-0.0427,43.1367
77.4,-0.0426,43.1628
77.5,-0.0425,43.1889
77.6,-0.0424,43.215
77.7,-0.0423,43.2411
77.8,-0.0422,43.267
77.9,-0.0421,43.293
78,-0.042,43.3189
78.1,-0.0419,43.3447
78.2,-0.0418,43.3705
78.3,-0.0417,43.3963
78.4,-0.0416,43.422
78.5,-0.0415,43.4476
78.6,-0.0414,43.4732
78.7,-0.0413,43.4988
78.8,-0.0412,43.5243
78.9,-0.0411,43.5498
79,-0.041,43.5752
79.1,-0.0409,43.6006
79.2,-0.0408,43.6259
79.3,-0.0407,43.6512
79.4,-0.0406,43.6765
79.5,-0.0405,43.7017
79.6,-0.0404,43.7268
79.7,-0.0403,43.7519
79.8,-0.0402,43.777
79.9,-0.0401,43.802
80,-0.04,43.827
80.1,-0.0399,43.8519
80.2,-0.0398,43.8768
80.3,-0.0397,43.9016
80.4,-0.0396,43.9264
80.5,-0.0395,43.9511
80.6,-0.0394,43.9758
80.7,-0.0393,44.0005
80.8,-0.0392,44.0251
80.9,-0.0391,44.0497
81,-0.039,44.0742
81.1,-0.0389,44.0987
81.2,-0.0388,44.1231
81.3,-0.0387,44.1475
81.4,-0.0386,44.1718
81.5,-0.0385,44.1961
81.6,-0.0384,44.2203
81.7,-0.0383,44.2446
81.8,-0.0382,44.2687
81.9,-0.0381,44.2928
82,-0.038,44.3169
82.1,-0.0379,44.3409
82.2,-0.0378,44.3649
82.3,-0.0377,44.3889
82.4,-0.0376,44.4127
82.5,-0.0375,44.4366
82.6,-0.0374,44.4604
82.7,-0.0373,44.4842
82.8,-0.0372,44.5079
82.9,-0.0371,44.5316
83,-0.037,44.5552
83.1,-0.0369,44.5788
83.2,-0.0368,44.6023
83.3,-0.0367,44.6258
83.4,-0.0366,44.6493
83.5,-0.0365,44.6727
83.6,-0.0364,44.6961
83.7,-0.0363,44.7194
83.8,-0.0362,44.7427
83.9,-0.0361,44.7659
84,-0.036,44.7891
84.1,-0.0359,44.8123
84.2,-0.0358,44.8354
84.3,-0.0357,44.8584
84.4,-0.0356,44.8815
84.5,-0.0355,44.9044
84.6,-0.0354,44.9274
84.7,-0.0353,44.9503
84.8,-0.0352,44.9731
84.9,-0.0351,44.996
85,-0.035,45.0187
85.1,-0.0349,45.0415
85.2,-0.0348,45.0641
85.3,-0.0347,45.0868
85.4,-0.0346,45.1094
85.5,-0.0345,45.1319
85.6,-0.0344,45.1545
85.7,-0.0343,45.1769
85.8,-0.0342,45.1994
85.9,-0.0341,45.2218
86,-0.034,45.2441
86.1,-0.0339,45.2664
86.2,-0.0338,45.2887
86.3,-0.0337,45.3109
86.4,-0.0336,45.3331
86.5,-0.0335,45.3552
86.6,-0.0334,45.3773
86.7,-0.0333,45.3994
86.8,-0.0332,45.4214
86.9,-0.0331,45.4434
87,-0.033,45.4653
87.1,-0.0329,45.4872
87.2,-0.0328,45.5091
87.3,-0.0327,45.5309
87.4,-0.0326,45.5527
87.5,-0.0325,45.5744
87.6,-0.0324,45.5961
87.7,-0.0323,45.6177
87.8,-0.0322,45.6393
87.9,-0.0321,45.6609
88,-0.032,45.6824
88.1,-0.0319,45.7039
88.2,-0.0318,45.7254
88.3,-0.0317,45.7468
88.4,-0.0316,45.7681
88.5,-0.0315,45.7894
88.6,-0.0314,45.8107
88.7,-0.0313,45.832
88.8,-0.0312,45.8532
88.9,-0.0311,45.8743
89,-0.031,45.8955
89.1,-0.0309,45.9166
89.2,-0.0308,45.9376
89.3,-0.0307,45.9586
89.4,-0.0306,45.9796
89.5,-0.0305,46.0005
89.6,-0.0304,46.0214
89.7,-0.0303,46.0422
89.8,-0.0302,46.063
89.9,-0.0301,46.0838
90,-0.03,46.1045
90.1,-0.0299,46.1252
90.2,-0.0298,46.1459
90.3,-0.0297,46.1665
90.4,-0.0296,46.1871
90.5,-0.0295,46.2076
90.6,-0.0294,46.2281
90.7,-0.0293,46.2485
90.8,-0.0292,46.269
90.9,-0.0291,46.2893
91,-0.029,46.3097
91.1,-0.0289,46.33
91.2,-0.0288,46.3503
91.3,-0.0287,46.3705
91.4,-0.0286,46.3907
91.5,-0.0285,46.4108
91.6,-0.0284,46.4309
91.7,-0.0283,46.451
91.8,-0.0282,46.471
91.9,-0.0281,46.491
92,-0.028,46.511
92.1,-0.0279,46.5309
92.2,-0.0278,46.5508
92.3,-0.0277,46.5707
92.4,-0.0276,46.5905
92.5,-0.0275,46.6103
92.6,-0.0274,46.63
92.7,-0.0273,46.6497
92.8,-0.0272,46.6694
92.9,-0.0271,46.689
93,-0.027,46.7086
93.1,-0.0269,46.7281
93.2,-0.0268,46.7476
93.3,-0.0267,46.7671
93.4,-0.0266,46.7866
93.5,-0.0265,46.806
93.6,-0.0264,46.8253
93.7,-0.0263,46.8447
93.8,-0.0262,46.864
93.9,-0.0261,46.8832
94,-0.026,46.9025
94.1,-0.0259,46.9216
94.2,-0.0258,46.9408
94.3,-0.0257,46.9599
94.4,-0.0256,46.979
94.5,-0.0255,46.998
94.6,-0.0254,47.017
94.7,-0.0253,47.036
94.8,-0.0252,47.055
94.9,-0.0251,47.0739
95,-0.025,47.0927
95.1,-0.0249,47.1116
95.2,-0.0248,47.1304
95.3,-0.0247,47.1491
95.4,-0.0246,47.1678
95.5,-0.0245,47.1865
95.6,-0.0244,47.2052
95.7,-0.0243,47.2238
95.8,-0.0242,47.2424
95.9,-0.0241,47.2609
96,-0.024,47.2795
96.1,-0.0239,47.2979
96.2,-0.0238,47.3164
96.3,-0.0237,47.3348
96.4,-0.0236,47.3532
96.5,-0.0235,47.3715
96.6,-0.0234,47.3898
96.7,-0.0233,47.4081
96.8,-0.0232,47.4263
96.9,-0.0231,47.4446
97,-0.023,47.4627
97.1,-0.0229,47.4809
97.2,-0.0228,47.499
97.3,-0.0227,47.517
97.4,-0.0226,47.5351
97.5,-0.0225,47.5531
97.6,-0.0224,47.571
97.7,-0.0223,47.589
97.8,-0.0222,47.6069
97.9,-0.0221,47.6247
98,-0.022,47.6426
98.1,-0.0219,47.6604
98.2,-0.0218,47.6781
98.3,-0.0217,47.6959
98.4,-0.0216,47.7136
98.5,-0.0215,47.7312
98.6,-0.0214,47.7489
98.7,-0.0213,47.7665
98.8,-0.0212,47.7841
98.9,-0.0211,47.8016
99,-0.021,47.8191
99.1,-0.0209,47.8366
99.2,-0.0208,47.854
99.3,-0.0207,47.8714
99.4,-0.0206,47.8888
99.5,-0.0205,47.9061
99.6,-0.0204,47.9234
99.7,-0.0203,47.9407
99.8,-0.0202,47.9579
99.9,-0.0201,47.9752
100,-0.02,47.9923
100.1,-0.0199,48.0095
100.2,-0.0198,48.0266
100.3,-0.0197,48.0437
100.4,-0.0196,48.0607
100.5,-0.0195,48.0778
100.6,-0.0194,48.0947
100.7,-0.0193,48.1117
100.8,-0.0192,48.1286
100.9,-0.0191,48.1455
101,-0.019,48.1624
101.1,-0.0189,48.1792
101.2,-0.0188,48.196
101.3,-0.0187,48.2128
101.4,-0.0186,48.2295
101.5,-0.0185,48.2462
101.6,-0.0184,48.2629
101.7,-0.0183,48.2796
101.8,-0.0182,48.2962
101.9,-0.0181,48.3128
102,-0.018,48.3293
102.1,-0.0179,48.3458
102.2,-0.0178,48.3623
102.3,-0.0177,48.3788
102.4,-0.0176,48.3952
102.5,-0.0175,48.4116
102.6,-0.0174,48.428
102.7,-0.0173,48.4444
102.8,-0.0172,48.4607
102.9,-0.0171,48.477
103,-0.017,48.4932
103.1,-0.0169,48.5094
103.2,-0.0168,48.5256
103.3,-0.0167,48.5418
103.4,-0.0166,48.5579
103.5,-0.0165,48.574
103.6,-0.0164,48.5901
103.7,-0.0163,48.6062
103.8,-0.0162,48.6222
103.9,-0.0161,48.6382
104,-0.016,48.6542
104.1,-0.0159,48.6701
104.2,-0.0158,48.686
104.3,-0.0157,48.7019
104.4,-0.0156,48.7177
104.5,-0.0155,48.7335
104.6,-0.0154,48.7493
104.7,-0.0153,48.7651
104.8,-0.0152,48.7808
104.9,-0.0151,48.7965
105,-0.015,48.8122
105.1,-0.0149,48.8278
105.2,-0.0148,48.8435
105.3,-0.0147,48.8591
105.4,-0.0146,48.8746
105.5,-0.0145,48.8902
105.6,-0.0144,48.9057
105.7,-0.0143,48.9211
105.8,-0.0142,48.9366
105.9,-0.0141,48.952
106,-0.014,48.9674
106.1,-0.0139,48.9828
106.2,-0.0138,48.9981
106.3,-0.0137,49.0134
106.4,-0.0136,49.0287
106.5,-0.0135,49.044
106.6,-0.0134,49.0592
106.7,-0.0133,49.0744
106.8,-0.0132,49.0896
106.9,-0.0131,49.1047
107,-0.013,49.1199
107.1,-0.0129,49.135
107.2,-0.0128,49.15
107.3,-0.0127,49.1651
107.4,-0.0126,49.1801
107.5,-0.0125,49.1951
107.6,-0.0124,49.21
107.7,-0.0123,49.225
107.8,-0.0122,49.2399
107.9,-0.0121,49.2548
108,-0.012,49.2696
108.1,-0.0119,49.2844
108.2,-0.0118,49.2992
108.3,-0.0117,49.314
108.4,-0.0116,49.3288
108.5,-0.0115,49.3435
108.6,-0.0114,49.3582
108.7,-0.0113,49.3728
108.8,-0.0112,49.3875
108.9,-0.0111,49.4021
109,-0.011,49.4167
109.1,-0.0109,49.4313
109.2,-0.0108,49.4458
109.3,-0.0107,49.4603
109.4,-0.0106,49.4748
109.5,-0.0105,49.4893
109.6,-0.0104,49.5037
109.7,-0.0103,49.5181
109.8,-0.0102,49.5325
109.9,-0.0101,49.5469
110,-0.01,49.5612
110.1,-0.0099,49.5755
110.2,-0.0098,49.5898
110.3,-0.0097,49.6041
110.4,-0.0096,49.6183
110.5,-0.0095,49.6325
110.6,-0.0094,49.6467
110.7,-0.0093,49.6609
110.8,-0.0092,49.675
110.9,-0.0091,49.6891
111,-0.009,49.7032
111.1,-0.0089,49.7173
111.2,-0.0088,49.7313
111.3,-0.0087,49.7453
111.4,-0.0086,49.7593
111.5,-0.0085,49.7733
111.6,-0.0084,49.7872
111.7,-0.0083,49.8011
111.8,-0.0082,49.815
111.9,-0.0081,49.8289
112,-0.008,49.8427
112.1,-0.0079,49.8566
112.2,-0.0078,49.8704
112.3,-0.0077,49.8841
112.4,-0.0076,49.8979
112.5,-0.0075,49.9116
112.6,-0.0074,49.9253
112.7,-0.0073,49.939
112.8,-0.0072,49.9527
112.9,-0.0071,49.9663
113,-0.007,49.9799
113.1,-0.0069,49.9935
113.2,-0.0068,50.0071
113.3,-0.0067,50.0206
113.4,-0.0066,50.0341
113.5,-0.0065,50.0476
113.6,-0.0064,50.0611
113.7,-0.0063,50.0746
113.8,-0.0062,50.088
113.9,-0.0061,50.1014
114,-0.006,50.1148
114.1,-0.0059,50.1282
114.2,-0.0058,50.1415
114.3,-0.0057,50.1548
114.4,-0.0056,50.1681
114.5,-0.0055,50.1814
114.6,-0.0054,50.1946
114.7,-0.0053,50.2079
114.8,-0.0052,50.2211
114.9,-0.0051,50.2343
115,-0.005,50.2474
115.1,-0.0049,50.2606
115.2,-0.0048,50.2737
115.3,-0.0047,50.2868
115.4,-0.0046,50.2999
115.5,-0.0045,50.3129
115.6,-0.0044,50.326
115.7,-0.0043,50.339
115.8,-0.0042,50.352
115.9,-0.0041,50.3649
116,-0.004,50.3779
116.1,-0.0039,50.3908
116.2,-0.0038,50.4037
116.3,-0.0037,50.4166
116.4,-0.0036,50.4294
116.5,-0.0035,50.4423
116.6,-0.0034,50.4551
116.7,-0.0033,50.4679
116.8,-0.0032,50.4807
116.9,-0.0031,50.4934
117,-0.003,50.5062
117.1,-0.0029,50.5189
117.2,-0.0028,50.5316
117.3,-0.0027,50.5442
117.4,-0.0026,50.5569
117.5,-0.0025,50.5695
117.6,-0.0024,50.5821
117.7,-0.0023,50.5947
117.8,-0.0022,50.6073
117.9,-0.0021,50.6198
118,-0.002,50.6323
118.1,-0.0019,50.6448
118.2,-0.0018,50.6573
118.3,-0.0017,50.6698
118.4,-0.0016,50.6822
118.5,-0.0015,50.6947
118.6,-0.0014,50.7071
118.7,-0.0013,50.7194
118.8,-0.0012,50.7318
118.9,-0.0011,50.7441
119,-0.001,50.7565
119.1,-0.0009,50.7688
119.2,-0.0008,50.7811
119.3,-0.0007,50.7933
119.4,-0.0006,50.8056
119.5,-0.0005,50.8178
119.6,-0.0004,50.83
119.7,-0.0003,50.8422
119.8,-0.0002,50.8543
119.9,-0.0001,50.8665
120,-6.22535e-17,50.8786
120.1,0.0001,50.8907
120.2,0.0002,50.9028
120.3,0.0003,50.9149
120.4,0.0004,50.9269
120.5,0.0005,50.939
120.6,0.0006,50.951
120.7,0.0007,50.963
120.8,0.0008,50.975
120.9,0.0009,50.9869
121,0.001,50.9989
121.1,0.0011,51.0108
121.2,0.0012,51.0227
121.3,0.0013,51.0346
121.4,0.0014,51.0464
121.5,0.0015,51.0583
121.6,0.0016,51.0701
121.7,0.0017,51.0819
121.8,0.0018,51.0937
121.9,0.0019,51.1055
122,0.002,51.1172
122.1,0.0021,51.129
122.2,0.0022,51.1407
122.3,0.0023,51.1524
122.4,0.0024,51.1641
122.5,0.0025,51.1757
122.6,0.0026,51.1874
122.7,0.0027,51.199
122.8,0.0028,51.2106
122.9,0.0029,51.2222
123,0.003,51.2338
123.1,0.0031,51.2454
123.2,0.0032,51.2569
123.3,0.0033,51.2684
123.4,0.0034,51.2799
123.5,0.0035,51.2914
123.6,0.0036,51.3029
123.7,0.0037,51.3144
123.8,0.0038,51.3258
123.9,0.0039,51.3372
124,0.004,51.3486
124.1,0.0041,51.36
124.2,0.0042,51.3714
124.3,0.0043,51.3827
124.4,0.0044,51.3941
124.5,0.0045,51.4054
124.6,0.0046,51.4167
124.7,0.0047,51.428
124.8,0.0048,51.4393
124.9,0.0049,51.4505
125,0.005,51.4617
125.1,0.0051,51.473
125.2,0.0052,51.4842
125.3,0.0053,51.4954
125.4,0.0054,51.5065
125.5,0.0055,51.5177
125.6,0.0056,51.5288
125.7,0.0057,51.5399
125.8,0.0058,51.551
125.9,0.0059,51.5621
126,0.006,51.5732
126.1,0.0061,51.5842
126.2,0.0062,51.5953
126.3,0.0063,51.6063
126.4,0.0064,51.6173
126.5,0.0065,51.6283
126.6,0.0066,51.6393
126.7,0.0067,51.6502
126.8,0.0068,51.6612
126.9,0.0069,51.6721
127,0.007,51.683
127.1,0.0071,51.6939
127.2,0.0072,51.7048
127.3,0.0073,51.7156
127.4,0.0074,51.7265
127.5,0.0075,51.7373
127.6,0.0076,51.7481
127.7,0.0077,51.7589
127.8,0.0078,51.7697
127.9,0.0079,51.7805
128,0.008,51.7912
128.1,0.0081,51.8019
128.2,0.0082,51.8127
128.3,0.0083,51.8234
128.4,0.0084,51.8341
128.5,0.0085,51.8447
128.6,0.0086,51.8554
128.7,0.0087,51.866
128.8,0.0088,51.8767
128.9,0.0089,51.8873
129,0.009,51.8979
129.1,0.0091,51.9085
129.2,0.0092,51.919
129.3,0.0093,51.9296
129.4,0.0094,51.9401
129.5,0.0095,51.9506
129.6,0.0096,51.9611
129.7,0.0097,51.9716
129.8,0.0098,51.9821
129.9,0.0099,51.9926
130,0.01,52.003
130.1,0.0101,52.0135
130.2,0.0102,52.0239
130.3,0.0103,52.0343
130.4,0.0104,52.0447
130.5,0.0105,52.0551
130.6,0.0106,52.0654
130.7,0.0107,52.0758
130.8,0.0108,52.0861
130.9,0.0109,52.0965
131,0.011,52.1068
131.1,0.0111,52.1171
131.2,0.0112,52.1274
131.3,0.0113,52.1376
131.4,0.0114,52.1479
131.5,0.0115,52.1581
131.6,0.0116,52.1684
131.7,0.0117,52.1786
131.8,0.0118,52.1888
131.9,0.0119,52.199
132,0.012,52.2091
132.1,0.0121,52.2193
132.2,0.0122,52.2295
132.3,0.0123,52.2396
132.4,0.0124,52.2497
132.5,0.0125,52.2598
132.6,0.0126,52.2699
132.7,0.0127,52.28
132.8,0.0128,52.2901
132.9,0.0129,52.3001
133,0.013,52.3102
133.1,0.0131,52.3202
133.2,0.0132,52.3302
133.3,0.0133,52.3402
133.4,0.0134,52.3502
133.5,0.0135,52.3602
133.6,0.0136,52.3701
133.7,0.0137,52.3801
133.8,0.0138,52.39
133.9,0.0139,52.4
134,0.014,52.4099
134.1,0.0141,52.4198
134.2,0.0142,52.4297
134.3,0.0143,52.4395
134.4,0.0144,52.4494
134.5,0.0145,52.4592
134.6,0.0146,52.4691
134.7,0.0147,52.4789
134.8,0.0148,52.4887
134.9,0.0149,52.4985
135,0.015,52.5083
135.1,0.0151,52.5181
135.2,0.0152,52.5278
135.3,0.0153,52.5376
135.4,0.0154,52.5473
135.5,0.0155,52.557
135.6,0.0156,52.5667
135.7,0.0157,52.5764
135.8,0.0158,52.5861
135.9,0.0159,52.5958
136,0.016,52.6054
136.1,0.0161,52.6151
136.2,0.0162,52.6247
136.3,0.0163,52.6343
136.4,0.0164,52.644
136.5,0.0165,52.6536
136.6,0.0166,52.6631
136.7,0.0167,52.6727
136.8,0.0168,52.6823
136.9,0.0169,52.6918
137,0.017,52.7014
137.1,0.0171,52.7109
137.2,0.0172,52.7204
137.3,0.0173,52.7299
137.4,0.0174,52.7394
137.5,0.0175,52.7489
137.6,0.0176,52.7583
137.7,0.0177,52.7678
137.8,0.0178,52.7772
137.9,0.0179,52.7867
138,0.018,52.7961
138.1,0.0181,52.8055
138.2,0.0182,52.8149
138.3,0.0183,52.8243
138.4,0.0184,52.8337
138.5,0.0185,52.843
138.6,0.0186,52.8524
138.7,0.0187,52.8617
138.8,0.0188,52.8711
138.9,0.0189,52.8804
139,0.019,52.8897
139.1,0.0191,52.899
139.2,0.0192,52.9083
139.3,0.0193,52.9176
139.4,0.0194,52.9268
139.5,0.0195,52.9361
139.6,0.0196,52.9453
139.7,0.0197,52.9546
139.8,0.0198,52.9638
139.9,0.0199,52.973
140,0.02,52.9822
140.1,0.0201,52.9914
140.2,0.0202,53.0006
140.3,0.0203,53.0097
140.4,0.0204,53.0189
140.5,0.0205,53.0281
140.6,0.0206,53.0372
140.7,0.0207,53.0463
140.8,0.0208,53.0554
140.9,0.0209,53.0645
141,0.021,53.0736
141.1,0.0211,53.0827
141.2,0.0212,53.0918
141.3,0.0213,53.1009
141.4,0.0214,53.1099
141.5,0.0215,53.119
141.6,0.0216,53.128
141.7,0.0217,53.137
141.8,0.0218,53.1461
141.9,0.0219,53.1551
142,0.022,53.1641
142.1,0.0221,53.173
142.2,0.0222,53.182
142.3,0.0223,53.191
142.4,0.0224,53.1999
142.5,0.0225,53.2089
142.6,0.0226,53.2178
142.7,0.0227,53.2267
142.8,0.0228,53.2357
142.9,0.0229,53.2446
143,0.023,53.2535
143.1,0.0231,53.2623
143.2,0.0232,53.2712
143.3,0.0233,53.2801
143.4,0.0234,53.2889
143.5,0.0235,53.2978
143.6,0.0236,53.3066
143.7,0.0237,53.3154
143.8,0.0238,53.3243
143.9,0.0239,53.3331
144,0.024,53.3419
144.1,0.0241,53.3507
144.2,0.0242,53.3594
144.3,0.0243,53.3682
144.4,0.0244,53.377
144.5,0.0245,53.3857
144.6,0.0246,53.3945
144.7,0.0247,53.4032
144.8,0.0248,53.4119
144.9,0.0249,53.4206
145,0.025,53.4293
145.1,0.0251,53.438
145.2,0.0252,53.4467
145.3,0.0253,53.4554
145.4,0.0254,53.4641
145.5,0.0255,53.4727
145.6,0.0256,53.4814
145.7,0.0257,53.49
145.8,0.0258,53.4987
145.9,0.0259,53.5073
146,0.026,53.5159
146.1,0.0261,53.5245
146.2,0.0262,53.5331
146.3,0.0263,53.5417
146.4,0.0264,53.5503
146.5,0.0265,53.5588
146.6,0.0266,53.5674
146.7,0.0267,53.5759
146.8,0.0268,53.5845
146.9,0.0269,53.593
147,0.027,53.6015
147.1,0.0271,53.6101
147.2,0.0272,53.6186
147.3,0.0273,53.6271
147.4,0.0274,53.6356
147.5,0.0275,53.6441
147.6,0.0276,53.6525
147.7,0.0277,53.661
147.8,0.0278,53.6695
147.9,0.0279,53.6779
148,0.028,53.6863
148.1,0.0281,53.6948
148.2,0.0282,53.7032
148.3,0.0283,53.7116
148.4,0.0284,53.72
148.5,0.0285,53.7284
148.6,0.0286,53.7368
148.7,0.0287,53.7452
148.8,0.0288,53.7536
148.9,0.0289,53.7619
149,0.029,53.7703
149.1,0.0291,53.7786
149.2,0.0292,53.787
149.3,0.0293,53.7953
149.4,0.0294,53.8037
149.5,0.0295,53.812
149.6,0.0296,53.8203
149.7,0.0297,53.8286
149.8,0.0298,53.8369
149.9,0.0299,53.8452
150,0.03,53.8534
150.1,0.0301,53.8617
150.2,0.0302,53.87
150.3,0.0303,53.8782
150.4,0.0304,53.8865
150.5,0.0305,53.8947
150.6,0.0306,53.9029
150.7,0.0307,53.9112
150.8,0.0308,53.9194
150.9,0.0309,53.9276
151,0.031,53.9358
151.1,0.0311,53.944
151.2,0.0312,53.9522
151.3,0.0313,53.9604
151.4,0.0314,53.9685
151.5,0.0315,53.9767
151.6,0.0316,53.9848
151.7,0.0317,53.993
151.8,0.0318,54.0011
151.9,0.0319,54.0093
152,0.032,54.0174
152.1,0.0321,54.0255
152.2,0.0322,54.0336
152.3,0.0323,54.0417
152.4,0.0324,54.0498
152.5,0.0325,54.0579
152.6,0.0326,54.066
152.7,0.0327,54.0741
152.8,0.0328,54.0821
152.9,0.0329,54.0902
153,0.033,54.0982
153.1,0.0331,54.1063
153.2,0.0332,54.1143
153.3,0.0333,54.1224
153.4,0.0334,54.1304
153.5,0.0335,54.1384
153.6,0.0336,54.1464
153.7,0.0337,54.1544
153.8,0.0338,54.1624
153.9,0.0339,54.1704
154,0.034,54.1784
154.1,0.0341,54.1863
154.2,0.0342,54.1943
154.3,0.0343,54.2023
154.4,0.0344,54.2102
154.5,0.0345,54.2182
154.6,0.0346,54.2261
154.7,0.0347,54.2341
154.8,0.0348,54.242
154.9,0.0349,54.2499
155,0.035,54.2578
155.1,0.0351,54.2657
155.2,0.0352,54.2736
155.3,0.0353,54.2815
155.4,0.0354,54.2894
155.5,0.0355,54.2973
155.6,0.0356,54.3052
155.7,0.0357,54.313
155.8,0.0358,54.3209
155.9,0.0359,54.3287
156,0.036,54.3366
156.1,0.0361,54.3444
156.2,0.0362,54.3523
156.3,0.0363,54.3601
156.4,0.0364,54.3679
156.5,0.0365,54.3757
156.6,0.0366,54.3835
156.7,0.0367,54.3913
156.8,0.0368,54.3991
156.9,0.0369,54.4069
157,0.037,54.4147
157.1,0.0371,54.4225
157.2,0.0372,54.4302
157.3,0.0373,54.438
157.4,0.0374,54.4458
157.5,0.0375,54.4535
157.6,0.0376,54.4613
157.7,0.0377,54.469
157.8,0.0378,54.4767
157.9,0.0379,54.4845
158,0.038,54.4922
158.1,0.0381,54.4999
158.2,0.0382,54.5076
158.3,0.0383,54.5153
158.4,0.0384,54.523
158.5,0.0385,54.5307
158.6,0.0386,54.5384
158.7,0.0387,54.546
158.8,0.0388,54.5537
158.9,0.0389,54.5614
159,0.039,54.569
159.1,0.0391,54.5767
159.2,0.0392,54.5843
159.3,0.0393,54.592
159.4,0.0394,54.5996
159.5,0.0395,54.6073
159.6,0.0396,54.6149
159.7,0.0397,54.6225
159.8,0.0398,54.6301
159.9,0.0399,54.6377
160,0.04,54.6453
160.1,0.0401,54.6529
160.2,0.0402,54.6605
160.3,0.0403,54.6681
160.4,0.0404,54.6757
160.5,0.0405,54.6832
160.6,0.0406,54.6908
160.7,0.0407,54.6984
160.8,0.0408,54.7059
160.9,0.0409,54.7135
161,0.041,54.721
161.1,0.0411,54.7286
161.2,0.0412,54.7361
161.3,0.0413,54.7436
161.4,0.0414,54.7511
161.5,0.0415,54.7587
161.6,0.0416,54.7662
161.7,0.0417,54.7737
161.8,0.0418,54.7812
161.9,0.0419,54.7887
162,0.042,54.7962
162.1,0.0421,54.8037
162.2,0.0422,54.8111
162.3,0.0423,54.8186
162.4,0.0424,54.8261
162.5,0.0425,54.8335
162.6,0.0426,54.841
162.7,0.0427,54.8484
162.8,0.0428,54.8559
162.9,0.0429,54.8633
163,0.043,54.8708
163.1,0.0431,54.8782
163.2,0.0432,54.8856
163.3,0.0433,54.8931
163.4,0.0434,54.9005
163.5,0.0435,54.9079
163.6,0.0436,54.9153
163.7,0.0437,54.9227
163.8,0.0438,54.9301
163.9,0.0439,54.9375
164,0.044,54.9449
164.1,0.0441,54.9522
164.2,0.0442,54.9596
164.3,0.0443,54.967
164.4,0.0444,54.9743
164.5,0.0445,54.9817
164.6,0.0446,54.9891
164.7,0.0447,54.9964
164.8,0.0448,55.0037
164.9,0.0449,55.0111
165,0.045,55.0184
165.1,0.0451,55.0258
165.2,0.0452,55.0331
165.3,0.0453,55.0404
165.4,0.0454,55.0477
165.5,0.0455,55.055
165.6,0.0456,55.0623
165.7,0.0457,55.0696
165.8,0.0458,55.0769
165.9,0.0459,55.0842
166,0.046,55.0915
166.1,0.0461,55.0988
166.2,0.0462,55.1061
166.3,0.0463,55.1133
166.4,0.0464,55.1206
166.5,0.0465,55.1279
166.6,0.0466,55.1351
166.7,0.0467,55.1424
166.8,0.0468,55.1496
166.9,0.0469,55.1569
167,0.047,55.1641
167.1,0.0471,55.1714
167.2,0.0472,55.1786
167.3,0.0473,55.1858
167.4,0.0474,55.193
167.5,0.0475,55.2002
167.6,0.0476,55.2075
167.7,0.0477,55.2147
167.8,0.0478,55.2219
167.9,0.0479,55.2291
168,0.048,55.2363
168.1,0.0481,55.2435
168.2,0.0482,55.2506
168.3,0.0483,55.2578
168.4,0.0484,55.265
168.5,0.0485,55.2722
168.6,0.0486,55.2793
168.7,0.0487,55.2865
168.8,0.0488,55.2937
168.9,0.0489,55.3008
169,0.049,55.308
169.1,0.0491,55.3151
169.2,0.0492,55.3223
169.3,0.0493,55.3294
169.4,0.0494,55.3365
169.5,0.0495,55.3437
169.6,0.0496,55.3508
169.7,0.0497,55.3579
169.8,0.0498,55.365
169.9,0.0499,55.3721
170,0.05,55.3792
170.1,0.0501,55.3863
170.2,0.0502,55.3934
170.3,0.0503,55.4005
170.4,0.0504,55.4076
170.5,0.0505,55.4147
170.6,0.0506,55.4218
170.7,0.0507,55.4289
170.8,0.0508,55.436
170.9,0.0509,55.443
171,0.051,55.4501
171.1,0.0511,55.4572
171.2,0.0512,55.4642
171.3,0.0513,55.4713
171.4,0.0514,55.4783
171.5,0.0515,55.4854
171.6,0.0516,55.4924
171.7,0.0517,55.4994
171.8,0.0518,55.5065
171.9,0.0519,55.5135
172,0.052,55.5205
172.1,0.0521,55.5276
172.2,0.0522,55.5346
172.3,0.0523,55.5416
172.4,0.0524,55.5486
172.5,0.0525,55.5556
172.6,0.0526,55.5626
172.7,0.0527,55.5696
172.8,0.0528,55.5766
172.9,0.0529,55.5836
173,0.053,55.5906
173.1,0.0531,55.5976
173.2,0.0532,55.6046
173.3,0.0533,55.6115
173.4,0.0534,55.6185
173.5,0.0535,55.6255
173.6,0.0536,55.6324
173.7,0.0537,55.6394
173.8,0.0538,55.6464
173.9,0.0539,55.6533
174,0.054,55.6603
174.1,0.0541,55.6672
174.2,0.0542,55.6742
174.3,0.0543,55.6811
174.4,0.0544,55.688
174.5,0.0545,55.695
174.6,0.0546,55.7019
174.7,0.0547,55.7088
174.8,0.0548,55.7157
174.9,0.0549,55.7227
175,0.055,55.7296
175.1,0.0551,55.7365
175.2,0.0552,55.7434
175.3,0.0553,55.7503
175.4,0.0554,55.7572
175.5,0.0555,55.7641
175.6,0.0556,55.771
175.7,0.0557,55.7779
175.8,0.0558,55.7848
175.9,0.0559,55.7917
176,0.056,55.7985
176.1,0.0561,55.8054
176.2,0.0562,55.8123
176.3,0.0563,55.8192
176.4,0.0564,55.826
176.5,0.0565,55.8329
176.6,0.0566,55.8397
176.7,0.0567,55.8466
176.8,0.0568,55.8534
176.9,0.0569,55.8603
177,0.057,55.8671
177.1,0.0571,55.874
177.2,0.0572,55.8808
177.3,0.0573,55.8877
177.4,0.0574,55.8945
177.5,0.0575,55.9013
177.6,0.0576,55.9081
177.7,0.0577,55.915
177.8,0.0578,55.9218
177.9,0.0579,55.9286
178,0.058,55.9354
178.1,0.0581,55.9422
178.2,0.0582,55.949
178.3,0.0583,55.9558
178.4,0.0584,55.9626
178.5,0.0585,55.9694
178.6,0.0586,55.9762
178.7,0.0587,55.983
178.8,0.0588,55.9898
178.9,0.0589,55.9966
179,0.059,56.0034
179.1,0.0591,56.0101
179.2,0.0592,56.0169
179.3,0.0593,56.0237
179.4,0.0594,56.0305
179.5,0.0595,56.0372
179.6,0.0596,56.044
179.7,0.0597,56.0507
179.8,0.0598,56.0575
179.9,0.0599,56.0642
180,0.06,56.071
